Water Inventory: Editted 31 December 2017,,,,,,,,,,,,,
Sample Identification,Other Names,Date(s) of Collection,Number of Times Sampled,Average Latitude, Average Longitude,Error (+/- Feet),pH,pH_m,pH_SD,eH,Conductivity (ms/cm),Chapter,Notes
Birdsprings Abandoned House,,03/19/2014,1,35.29866,-110.80417,9,,,,,,Bird Springs,"Dry, windmill off and not operational. By the rodeo grounds at Birdsprings"
Duck Pond,,03/19/2014,1,35.29847,-110.8046,9,6.6,6,,,,Bird Springs,Behind the previous entry. Likely a surface seasonal source
308-4,,"19 Mar 14, 14 Aug 14",2,36.28272,-110.145385,9,"6.50, 8.00",7.25,1.06066017177982,,,Black Mesa,"Collected from basin due to trough being frozen. LO. Basin only had approximately an inch of water within it, but water was still able to be collected from the trough."
311-4,,"19 Mar 14, 14 Aug 14",2,36.343715,-110.06177,9,"5.80, 6.00",6.9,1.5556349186104,,,Black Mesa,LO. Has a yellowish tinge to the water. On a hill across from the Black Mesa Chapter House
Shadow Mountain Well,,10/14/2017,1,36.03383,-111.4413,9,8,8,,,,Bodaway-Gap,"Drive down wash, look for grove of tamerisks just north of that. Collected directly from well. Handpump, vehicle access, and trough all available and operable. Tire and footprints suggests some use"
Hidden Spring,,10/14/2017,1,36.18942,-111.3951,9,8,8,,,,Bodaway-Gap,North of Tuba City turn-off. Behind a church tank semi-visible from road. Location and vehicle tracks suggestion regular use. Pump gas generator that is only hooked up as needed. Water sample collected from tank directly. Sheen on surface of water.
Bitter Spring Well,,10/14/2017,1,36.60646,-111.65994,,7,7,,,,Bodaway-Gap,Collected from trough. Number of cattle in the area w/ signs cattle walked in trough. Windmill on hill not far from trough
Navajo Spring,,10/14/2017,1,36.77431,-111.62098,9,,,,,,Bodaway-Gap,Dry. Locked gate; no access to sample water. Potentially muncipal NTUA.
T2-606,,"10 Jan 14, 12 Aug 14",2,36.30107,-111.442785,15,"6.50, 6.00",6.25,0.577350269189626,,,Bodaway-Gap,"Above Gap, from water sprout. LO"
3A-PHS-9,Little Colorado Spring,01/21/2013,1,35.86116,-111.39595,,6.9,6.9,,,,Cameron,"Collected from under cliff face, water in pump was frozen"
Cameron Trading Post,,01/08/2014,1,35.87516,-111.41327,14,6.8,6.8,,,,Cameron,Collected from Men's Restroom
Little Colorado River,,08/14/2015,1,35.73989,-111.32147,9,5.8,5.8,,,,Cameron,"Site was pretty muddy, collected after rainfall"
Pond 2,,08/14/2015,1,35.76793,-111.38892,,6.5,6.5,,,,Cameron,Site was muddy
3K-331,,06/26/2017,1,35.76908,-111.40679,9,8.1,8.1,,,8.075,Cameron,Water collected from a trough. Numerous cow pats and scrap metal near the site. On the same road as Shallow Well and Pond 461
Shallow Well,,06/26/2017,1,35.75493,-111.36797,,8.14,8.14,,,1.689,Cameron,"Water leve was low, had to lower flask into the well. Some cow pats near the well. A stamp on the well states 13 Aug 1934. On the same road as Pond 461 and 3K-331"
3T-527,,10/14/2017,1,35.85382,-111.44999,9,8,8,,,,Cameron,Windmill prop secured/unable to move w/ chain cable. Does not appear to be working. Water collected from bottom of tank (potentially/from precip). Black humic appearing and decomposition smelling material in tank.
Baby Rock Spring,8A-PHS-30,06/27/2017,1,36.74711,-110.05368,11,8.52,8.52,,,841.9,Chilchinbeto,"ATLAS NEW Deep well, rope with rusty pale next to well, water level low, date: 4/3/64, on left of 160 on way S to Kayenta"
8K-443,,"18 Mar 15, 27 Jun 17",1,36.503695,-109.9806255,9,"8.00, 9.54",8.77,1.08894444302728,,478.4,Chilchinbeto,"On the road from Many Farms to Kayenta, north of road. Behind a gate with horse designs on it, old corral visible from tank and windmill. Water collected from windmill spigot pumping up groundwater. Had to climb to the top of the tank. Marking on pump and iwnd suggests the windmill was installed 8 August 1957. At around Mile Marker 25/40km"
8A-121,,06/27/2017,1,36.56153,-110.02264,9,9.5,9.5,,,761.6,Chilchinbeto,"Not sampled. Visible storage tank from road and across from 8K-443, behind a hate. Driving down road reveals private well and separate tanks for complex of homes. Need to make contact in order to sample. Tanks and homes up against Mesa (second Mesa backside?) possible different groundwater source"
Private Well ,,06/27/2017,1,36.49922,-109.98245,11,,,,,,Chilchinbeto,"Not sampled/Closed. Down the road from 7H-63. Faded sticker that tells water is not esafe to drink. Also spray painted warning ""No hauling water./"" Obvious smell of decomposition. Holes pierced in bottom of the tank. Windmill disconnected despite still pumping./"
10T-548,,"18 Mar 15, 18 Jul 16",1,36.082015,-109.62067,,7.5,7.5,,,,Chinle,"On the first visit there was no water to collect - the site was dry Collected water from the reservoir, but water was pumping directly into the reservoir. Likely that the in-flow pipe was not close to the hatch"
10R-116,"No DAPL, 102-166","18 Mar 15, 13 Oct 17",1,36.266615,-109.600595,9,"6.00, 8.00",7,1.4142135623731,,,Chinle,LO. Very colorful painted cistern right off main road (161). Collected from vehicle hauler
11T-505,,10/07/2017,1,36.18132,-109.28568,9,7,7,,,,Chinle,"On Indian Route 8077, turnoff next to Tselie Dine college. Visible from road. Collected from primary tank for car access that drains into cistern"
11T-509,,10/07/2017,1,36.12812,-109.36754,9,,,,,,Chinle,"Dry. Visible from road, Indian Route 8077. Windmill broken with line disconnected trough removed."
Green Dino,,10/13/2017,1,36.16245,-109.5713,9,8,8,,,,Chinle,Collected from Silver tank. Visible from road going to Tsalie
10K-248,,10/13/2017,1,36.29321,-109.50053,9,8,8,,,,Chinle,"Right off of main dirt road. Collected form trough. Winmill pumping, tank full, and overflow flowing into collection pond."
?IR,,10/13/2017,1,36.17033,-109.58361,9,,,,,,Chinle,"Dry. Disconnected windmill (no windmill, right off 191 North of Chinle)"
10R-54,,10/13/2017,1,36.11861,-109.5801,9,8,8,,,,Chinle,Collected from trough. Cows and horses around windmill. Right next to the airstrip in Chinle
10T-523,,10/13/2017,1,36.11267,-109.66666,9,,,,,,Chinle,Dry. Missing windmill motor and props. Marked for LO. Tank dented and battered
Tohatchi Spring,,"19 Jan 13, 27 Jun 17",2,35.687185,-111.10228,10,"7.40, 8.58",7.99,0.834386001800126,,2.116,Coalmine Mesa,"ATLAS Surrounded by thorny bushes, no direct road, reach through wash, water from well, water levels low"
Badger Springs,"Na-ha-chitti Spring, 3A-PHS-36","19 Jan 13, 27 Jun 17",2,35.64065,-111.19633,,"7.40, 8.62",8.01,0.862670273047587,,1.746,Coalmine Mesa,"Informed by local on 19 Jan 13 that the water had been very low that year. On second visitation: ATLAS Cameron Chapter Project No 3-3-10, date: 9/24/63, water level low, water from well, motor nearby for hand pump (not in use), nearby sign that is not very visible stateing that the water is not safe to drink
"
Balokai,,01/19/2013,1,35.68085,-111.2801,,6.8,6.8,,,,Coalmine Mesa,
3T-539,Cameron Windmill,"19 Jan 13, 14 Oct 17",2,35.8379,-111.355535,9,"6.80, 7.50",7.15,0.494974746830583,,,Coalmine Mesa,"Low water level in tank. Windmill pumping and uncapped w/in tank, but no water coming out (dry) Water at bottom of tank, which was collecting"
FIASA Well,,"8 Jan 14, 16 Mar 15",2,36.037785,-111.207945,13,"6.50, 6.00",6.25,0.353553390593274,,,Coalmine Mesa,Collected from trough with floater
3K-312,,"8 Jan 14, 16 Mar 15",2,36.011555,-111.048425,17,"6.80, 6.00",6.4,0.565685424949238,,,Coalmine Mesa,Near brick enclosure and near house/home
3A-149,,01/08/2014,1,35.94975,-111.06793,16,6.8,6.8,,,,Coalmine Mesa,"From trough. Nearby livestock, horses."
3T-540,NWO,"8 Jan 14, 16 Mar 15",2,35.918285,-111.059675,,"6.80, 6.00",6.4,0.565685424949238,,,Coalmine Mesa,Near large cow fence. Stagnant water
TCOB,New Windmill,01/08/2014,1,35.91661,-111.0185,17,6.8,6.8,,,,Coalmine Mesa,Flowing water
3K-328,Cold Springs,"8 Jan 14, 16 Mar 15",2,35.84152,-111.034345,12,"6.50, 6.00",6.25,0.353553390593274,,,Coalmine Mesa,
3T-547,,"8 Jan 14, 16 Mar 15",2,35.792495,-111.04372,11,"6.80, 6.50",6.4,0.565685424949238,,,Coalmine Mesa,"Brown water, filters still clean. Rapid flowing water"
Pond 461,,"14 Aug 15, 26 Jun 17",2,35.710965,-111.313445,9,"9.00, 9.15",9.075,0.106066017177982,,18.6,Coalmine Mesa,"Pond, copious amounts of vegetation around the pond. Sulfurous odor from the pond. Open pit that is exposed to the elements. On the same road as 3K-331 and Shallow Well"
Wukoki,Little Colorado 2,08/14/2015,1,35.57042,-111.27587,10,4,4,,,,Coalmine Mesa,
Gary Goldtooth,,06/26/2017,1,35.908301,-111.146845,,,,,,,Coalmine Mesa,"ATLAS NEW Closed, no longer in service, well is capped"
Tohnalea,,06/26/2017,1,36.002865,-111.243426,,,,,,,Coalmine Mesa,"ATLAS NEW Almost impossible to get to, after getting on right side of the mesa road turns sandy and difficult to drive on withouth getting stuck. Road looks like it is not regularily used."
Tse To Baah Naali Spring,,06/27/2017,1,35.689168,-111.175161,,,,,,,Coalmine Mesa,Unable to Find
3K-327,,03/16/2015,1,35.91667,-111.01833,,6,6,,,,Coalmine Mesa,
USPHS-3-5-10,,10/14/2017,1,35.86379,-111.37814,,,,,,,Coalmine Mesa,Dry. At border of wash. Turn North down wash to reach Clay Well
Clay Well Spring,,10/14/2017,1,35.87436,-111.34025,,9,9,,,,Coalmine Mesa,"Drive about 2 miles down wash, on the left. No hand pump present. Likely not used as water source. Had to scoop water from bottom of well; open at the top so may be collecting rain water."
Paddock Well,,10/14/2017,1,35.70103,-111.26031,9,7.5,7.5,,,,Coalmine Mesa,"Have to walk to site, over sand dunes. Collected from handpump. Not in hauling use. Marked placard about uranium exposure."
Leupp Tank,,10/14/2017,1,35.56939,-111.24478,9,,,,,,Coalmine Mesa,"Dry. Empty ""NNWR"" (Predecessor to NTUA) Tank at Blackfalls crossroads"
Karma Well,,08/14/2015,1,35.35372,-111.44964,,6.7,6.7,,,,Coconino National Forest,
11A-1153,,01/10/2014,1,36.39408,-111.41827,13,,,,,,Coppermine,Frozen. LO
1A-115,,"17 Mar 14, 12 Aug 14",2,36.394075,-111.41819,12.5,"6.20, 7.00",6.6,0.565685424949238,,,Coppermine,From windmill spigot
1K-203,,"17 Mar 14, 12 Aug 14",2,36.47322,-111.41447,10,"5.90, 6.00",5.95,0.0707106781186545,,,Coppermine,From trough. LO. There is a story of two girls drinking the water and dying shortly after
1T-518,,"17 Mar 14, 12 Aug 14",2,36.552645,-111.398955,9.5,"5.90, 6.00",5.95,0.0707106781186545,,,Coppermine,From trough. LO
1T-505,,08/12/2014,1,36.61814,-111.45432,11,6,6,,,,Coppermine,Going towards the Coppermine Chapter House. Frozen during Spring Break 2014 collection. LO
17T-522,,"18 Mar 14, 27 Jun 17",2,35.62521,-109.793615,9,"6.20, 8.51",7.355,1.63341666454092,,643,Cornfields,"LO. From road past Greasewood Springs that says ""Ranch"" before turn. Take a right at the top and follow for 2 miles. Bees made a nest in the trough, water collected from the tank."
17T-555,,03/18/2014,1,35.69386,-109.71269,,6.8,6.8,,,,Cornfields,"Collected from the bottom of the basin. There was rust, paint chips, and trash floating in the water"
T¢bein'hidziil,,"18 Jul 16, 27 Jun 17",1,35.584155,-109.76633,9,"7.00, 7.85",7.425,0.601040764008565,,750.1,Cornfields,Just off the main road between Greasewood Springs and Steamboat. The stone basin is beautifully painted. Collected from trough
Gangster Native,,"18 Mar 15, 18 Jul 16, 27 Jun 17",1,35.6971633333333,-109.657316666667,9,"6.00, 7.50, 7.90",7.13333333333333,1.00166528008778,,5.523,Cornfields,Off of the main road between Greasewood Springs and Steamboat. Collected from trough
T¢'e?'iina,Baby Rocks,"18 Mar 14, 18 Jul 16, 27 Jun 17",3,36.8150166666667,-109.89237,9,"6.20, 7.00, 8.77",7.32333333333333,1.31515525065801,,573.6,Dennehotso,"Collected from trough. On second visitation noted that the tank read ""Water is not safe to drink"" LO. On third visitation there is new writing on the tank that claims the water is clean to drink and is ""100% free of contaminants"" as per EPA"
8K-436,,03/18/2014,1,36.80371,-110.02132,9,5.9,5.9,,,,Dennehotso,"Collected from trough. Far off of main road, approximately 10-15 minutes of off road travel to get to"
Natural Springs 576,,03/17/2015,1,36.94216,-109.70493,,6,6,,,,Dennehotso,Natural Spring
Tselichee Spring,Tse-li-chi-hateh,"18 Mar 15, 27 Jun 17",1,37.02003,-109.84458,,"7.00, 8.47",7.735,1.03944696834423,,1.3987,Dennehotso,"Collected from a hand pump Stamp with date: 9/11/64
"
Kiishzhinii-be-toh Spring,,06/27/2017,1,36.92993,-109.85635,9,8.8,8.8,,,1.001,Dennehotso,"ATLAS NE Spring feeds small stream and murky pond (water from pond), cows drinking from and bathing in pond. Unable to reach from Donnehotso, come in from Cane Valley. Meaning: Blank Shoe"
Stockpile Well,,06/27/2017,1,36.936114,-109.865231,,,,,,,Dennehotso,"ATLAS NEW Well near area closed, groundwater in area being monitored"
8T-536,,06/27/2017,1,37.00355,-109.77097,9,8.88,8.88,,,304.7,Dennehotso,"NEW Site name very faint on tank, water from trough, water already in trough"
8T-535,,06/27/2017,1,36.98324,-109.76092,10,7.59,7.59,,,375.7,Dennehotso,"NEW Area mostly stone, tank low to almost empty, water from trough, near phone lines"
8T-509,,06/27/2017,1,36.89846,-109.80834,9,8.02,8.02,,,235,Dennehotso,"Not sampled. Tank empty. Appears windmill blades have been destroyed. Motor/pump and winmill have been locked. Perhaps that is what destroyed the blades. Out ofuse for a very ;long time. Observation: All of the windmills are on the north/northwest side of the road, as you get closer to Many Farms water becomes scarce."
Coyote Springs Navajo,Handpump Wash,"9 Jan 14, 24 Oct 14, 18 July 16, 21 May 17, 27 Jun 17",5,35.3215066666667,-110.422486666667,11,"6.80, 7.00, 7.50, 7.00, 7.98",7.256,0.480291578106467,,823.4,Dilkon,Hand Pump
7K-369,,01/09/2014,1,35.39464,-110.20131,14,> 8.00,8.1,,,,Dilkon,Across from Andee Lister's House Windmill
Uncovered Water Well Behind NTUA - Dilkon,,10/24/2014,1,35.4162,-110.33183,9,6,6,,,,Dilkon,LO
Nezzie's Spring,,10/24/2014,1,35.4101,-110.37994,10,,,,,,Dilkon,"LO, No sample collected, water not available."
Dilkon Church,,"24 Oct 14, 18 July 16, 26 Jun 17",3,35.3862766666667,-110.313613333333,9.5,"7.00, 7.50, 7.59",7.36333333333333,0.31785741037977,,1165,Dilkon,"Handpump below the Dilkon Church. Just past it going east, turn down dirt road right near the bridge. First right past the ""Dilkon Bible Church"""
Sunflower Springs,Backroads,"24 Oct 14, 18 Mar 15, 18 July 16, 26 Jun 17",4,35.302645,-110.218645,9,"7.00, 7.00, 8.50, 8.01",7.6275,0.751681448487323,,3.884,Dilkon,"On second visit, the water level was pretty low so we had to use a weight in order to collect the water. Water smelt of manure and there was a bird carcass within the bucket that was inside the well. Numerous cow pats nearby. LO"
ASONDW,,"24 Oct 14, 18 Mar 15, 13 Oct 17",3,35.2262866666667,-110.297436666667,9.5,"7.00, 7.00, 8.00",7.33333333333333,0.577350269189626,,,Dilkon,Road to access ASON is on road between Winslow and Dilkon
Tsegi T¢,,03/18/2015,1,35.3168,-110.24213,,7,7,,,,Dilkon,
USPHS Sunglasses,,06/27/2017,1,35.32978,-110.3969,9,8.07,8.07,,,951.4,Dilkon,"Water collected from trough spigot. There was a vehicle hauler, but too long to utilize. Tank in view of both avenues of water access. Thank open to the environment (hatch ripped off). Water stagnant w/ a scum layer on the surface of the water. Water very red in color. No much water available (dry season?), requires standing on tank to get water to flow."
Silver Tank,,06/27/2017,1,35.32064,-110.39754,9,8.42,8.42,,,597.2,Dilkon,"Came from 17T-540 backroads. Main road to this point accessible from GPS coordinates (35.52761, -109.86132 +/- 9). Collected from windmill to tank directly (climb on top). Come in from the road across ""Greasewood Springs"" Water Tower"
Castle Buttle,,06/27/2017,1,35.32597,-110.32509,9,9.5,9.5,,,746.9,Dilkon,"In Whitecone, as if going towards 7H-63. Middle of grassland. Water collected from w/in the tank (you can climb inside)"
Tohanldi Wash,,05/21/2017,1,35.304842,-110.45796,,,,,,,Dilkon,Mostly for human consumption
Nora's House,,05/21/2017,1,35.294706,-110.4927,,7,7,,,,Dilkon,
Coyote Wash,,05/21/2017,1,35.344244,-110.465937,,7,7,,,,Dilkon,Away from Coyote Springs near the road. Potentially this site feeds into the other site. Actually in a wash with a vehicle hauler
309-1,,"19 Mar 14, 14 Aug 14",2,36.29421,-110.301655,9,6.2,6.2,,,,Forest Lake,Collected from trough. LO. Dry on second visitation to the site
4T-406,,03/19/2014,1,36.31863,-110.39558,10,,,,,,Forest Lake,"Closed, no sample collected"
Site #2,,03/19/2014,1,36.36446,-110.34753,15,,,,,,Forest Lake,Frozen
4T-396,"303-7, 304-9","19 Mar 14, 14 Aug 14",2,36.29457,-110.348735,10.5,,,,,,Forest Lake,"Covered and empty, no water in basin. Still dry on second visit"
303-11,,03/19/2014,1,36.27152,-110.35597,15,6.5,6.5,,,,Forest Lake,
303-10,,03/19/2014,1,36.22494,-110.40073,9,6.2,6.2,,,,Forest Lake,LO
303-12,,03/19/2014,1,36.27391,-110.39649,12,6.5,6.5,,,,Forest Lake,LO
302-4,,08/13/2014,1,36.36435,-110.34968,9,,,,,,Forest Lake,
Bigoak Sheep Camp,Oak Spring Sheep Camp,04/03/2014,1,35.58241,-109.199131,,,,,,,Fort Defiance,Brought in from Andee from the Windowrock Area. All samples collected directly from a sandstone spring source
Bigoak Trail Spring,,04/03/2014,1,35.58241,-109.199131,,,,,,,Fort Defiance,Brought in from Andee from the Windowrock Area. All samples collected directly from a sandstone spring source
17T-568,,"9 Jan 14, 18 July 16, 27 Jun 17",3,35.51831,-109.830025,11.5,"6.80, 8.50, 9.13",8.14333333333333,1.20525239403759,,835.3,Greasewood,Collected from trough. LO. Across the wash from the Greasewood Springs Chapter House
17M-340,,"9 Jan 14, 18 July 16, 27 Jun 17",3,35.4895733333333,-109.86999,12.5,"6.80, 7.00, 7.72",7.17333333333333,0.483873261643308,,1730,Greasewood,"Collected from basin. LO. On second visitation there has been an automatic pump installed due to the windmill no longer working. There were a lot of livestock, cows, at the site on the second visit"
17M-246,,03/18/2014,1,35.64728,-109.83136,,6.7,6.7,,,,Greasewood,Near Mae Kee Residence. LO
17M-203,,06/27/2017,1,35.54986,-109.92221,12,7.75,7.75,,,6.042,Greasewood,Up the road from 17T-522. Follow the road until you see road to follow poer lines. Will join up with the main road eventually.
17T-519,,06/27/2017,1,35.613,-109.84743,9,9.09,9.09,,,1129,Greasewood,"Water collected from the tank itself, climbed pipe to the top. Completely full of water. Water appears clear. Trough nearby with a bladder floaty."
Sheep Dip Spring,,06/27/2017,1,35.51797,-109.85857,9,,,,,,Greasewood,"Not Sampled. Both underground concrete wells were empty and full of debris. Side of road, road to it looks like it has been washed out."
304-7,,03/19/2014,1,36.09457,-110.52026,11,,,,,,Hard Rock,"Broken, no water"
304-6,,03/19/2014,1,36.04752,-110.54691,9,,,,,,Hard Rock,"Broken, not operational"
Rocky Ridge Trading Post,,03/19/2014,1,36.05482,-110.59653,9,,,,,,Hard Rock,Not operational
Hard Rock Spring,,03/19/2014,1,36.03276,-110.50208,12,5.9,5.9,,,,Hard Rock,
Shonetoh Spring,,"9 Jan 14, 24 Oct 14",2,35.547715,-110.290785,11,"6.80, 7.00",6.9,0.14142135623731,,,Hopi,"Tucked up against a hill. On backroad going towards Whitecone. On second vistation there was a new tank installed with a sign posted that strongly discourage residents to haul water from the tank, although it was still possible"
7K-369,"507-1, Windmill FLW","9 Jan 14, 24 Oct 14",2,35.56644,-110.26151,11.5,> 8.00,8.1,,,,Hopi,Middle of a plain. On second visitation the windmill appeared to be broken and required a new component. Locals said until it is repaired they are driving to the chapter house to get water
507-12,,"9 Jan 14, 24 Oct 14",2,35.58333,-110.221775,11.5,7.8,7.8,,,,Hopi,Collected directly from windmill. Basin and trough empty - Low Water and/or frozen. On second visitation windmill pipes appeared to be rusted and were leaking water
KRZY-1,,01/09/2014,1,35.56009,-110.18687,13,6.5,6.5,,,,Hopi,
3K-332,551,01/10/2014,1,35.93462,-110.91451,15,,,,,,Hopi,"Well Shut Down. Behind ""Road Closed"" Sign"
6-3WD1,,01/10/2014,1,35.94664,-110.79955,11,> 8.00,8.1,,,,Hopi,LO. Always on
Hotevilla Main Spring,,01/10/2014,1,35.92844,-110.67383,14,6.8,6.8,,,,Hopi,"Below residential area, next to some cliff dwellings. Have to walk down to site"
Bacobi Church Spring,,01/10/2014,1,35.92259,-110.66059,10,6.8,6.8,,,,Hopi,"On the left side of church, park at the bottom of hill and follow small foot path that hugs canyon wall. Collected from pipe that flows into canyon"
Low Mountain Windmill,,"19 Mar 14, 14 Aug 14",2,35.953725,-110.118455,9,,,,,,Hopi,"Dry, thick metal casing cap. On second visitation the hatch was found to be open and the basin had since been filled with debris with smell of decomposition and feces"
Stream atop Mesa,Mesa Stream,"19 Mar 14, 14 Aug 14",2,35.80701,-110.17872,9.5,7,7,,,,Hopi,"Stream next to the picnic area above Keams Canyon and Low Mountain, on the background connected them that runs over the mesa. On second visitation there was no water in the basin or stream."
U2-PW,,"19 Mar 14, 14 Aug 14",2,35.80317,-110.44381,9,"6.80, 6.00",6.4,0.565685424949238,,,Hopi,"Collected from vehicle hauler. Marked as ""Unregulated Water Source. Not Recommended for human consumption."""
Polocca Day School Ruins,Polocca Old School,"19 Mar 14, 14 Aug 14",2,35.830785,-110.389325,10,"6.90, 9.00",7.95,1.48492424049175,,,Hopi,"Opened to the elements, collected from a pond at the bottom of a depression/hole behind a chain linked fence surrounding the hole. Very rusty in color, stagnant, water filtrates up from the ground according to locales. Water remains murky after filtration. Compared to March, the water is very green (algae)."
Coyote Springs Hopi,,"19 Mar 14, 14 Aug 14",2,35.83797,-110.38422,9,"6.20, 6.00",6.1,,,,Hopi,"Locales said that the previous week (week of 9 March 14) unmarked vehicles arrived and tore down the windmill, resevoir tanks, and all water features. They pointed at another way to get to the water source, but required moving brush and boards. Mud steps led down to shallow mud area where water could be collected. Appeared almost like a tomb. On second visitation the water level appeared to be much higher, possibly more rain?"
Hopi Health Center,,"19 Mar 14, 14 Aug 14",3,35.80229,-110.425265,9.5,"6.90, 9.00, 9.00",8.3,1.73205080756888,,,Hopi,"Regulated source, good to compare to non-regulated sources. On second visitation, two samples collected: one from the male restroom and one from the female restroom"
Hopi Cultural Center,,"19 Mar 14, 14 Aug 14",2,35.84392,-110.529385,9,"6.90, 10.00",8.45,2.1920310216783,,,Hopi,"Regulated source, good to compare to non-regulated sources. Pulled from the male bathroom"
Hopi Texaco,,"19 Mar 14, 14 Aug 14",2,35.793655,-110.50573,9,"6.90, 10.00",8.45,2.1920310216783,,,Hopi,"Regulated source, good to compare to non-regulated sources. EPA states that public water supplying the Hopi lands is in violation of As MCL with levels averaging 15-16ppb, and has been known for the past 15-20 years"
6-1H4,,03/19/2014,1,36.0005,-110.46193,9,6.2,6.2,,,,Hopi,
6-1H7,,03/19/2014,1,35.95742,-110.46584,9,,,,,,Hopi,"Disconnected, no water in basin"
Community Center Spring 1 ,,03/19/2014,1,35.80398,-110.53066,9,5.9,5.9,,,,Hopi,"Hopi Elders: Vern Mansfield and Larson Bahnimptewa, allowed us to get water and accompanied us showing us which waters they wanted tested. There was another spring within the canyon, but they said it is harder to get to and it was approaching sunset"
Pavisba,,03/19/2014,1,35.80666,-110.53255,9,5.8,5.8,,,,Hopi,"Hopi Elders: Vern Mansfield and Larson Bahnimptewa, allowed us to get water and accompanied us showing us which waters they wanted tested."
Qotsapelvi 1,Two Springs,03/19/2014,1,35.81116,-110.52882,19,5.9,5.9,,,,Hopi,"Hopi Elders: Vern Mansfield and Larson Bahnimptewa, allowed us to get water and accompanied us showing us which waters they wanted tested."
Qotsapelvi 2,,03/19/2014,1,35.81116,-110.52882,19,5.9,5.9,,,,Hopi,"Hopi Elders: Vern Mansfield and Larson Bahnimptewa, allowed us to get water and accompanied us showing us which waters they wanted tested."
Keams Canyon TP,,08/14/2014,1,35.81505,-110.20504,9,,,,,,Hopi,Collected from the caf‚ bathroom
Solar P Springs,170593,"9 Jan 14, 18 Mar 15, 18 July 16, 26 Jun 17",4,35.350935,-109.8944875,11,"7.00, 6.00, 9.00, 8.13",7.5325,1.30928415555982,,4.54,Indian Wells,"Old pump (#170593) stopped working. Collected from trough, pump down in the valley below run off of a solar powered pump. On second visitation collected from overflow trough within the cow pen. When driving down the dirt road, look for the ""S"" post on the road for the turn-off: S = Scott"
H-123 Spring,,"9 Jan 14, 18 Mar 15, 18 July 16, 26 Jun 17",4,35.324475,-110.00538,16,"6.80, 6.00, 7.00, 7.78",6.895,0.731277421138289,,650.6,Indian Wells,"Handpump next to road. It is on the right side of the road going east from USPHS 757, you will pass a broken down vehicle hauler go past that and go to the handpump"
USPHS 757 Well,"Aunt Suzy, Aunt Suzie","9 Jan 14, 24 Oct 14, 18 Mar 15, 18 July 16, 26 Jun 17",5,35.325986,-110.016474,11,"6.70, 7.00, 7.50, 9.00, 8.71",7.782,1.02548525099096,,1677,Indian Wells,Collected from well covered by wooden plank. Old well tucked right up against the hill. Hard to visualize from road. There is a main road that runs right up to pump.
Belin Windmill,2010-203 Windmill,"9 Jan 14, 24 Oct 14, 26 Jun 17",3,35.3863366666667,-110.05569,11,"6.80, 7.00, 8.23",7.36666666666667,0.774359950755031,,2545,Indian Wells,"Right off of Rt 77 near Indian Wells. On third visitation noted that the basin tank had a fresh coat of the beige paint, has the water source become regulated?"
Dog Springs,,"9 Jan 14, 24 Oct 14",2,35.37383,-110.09029,13,"6.80, 7.00",6.9,0.14142135623731,,,Indian Wells,Deep in the wash
Sugar Bowl Springs,,"9 Jan 14, 24 Oct 14",2,35.40161,-110.141155,14,6.8,6.8,,,,Indian Wells,"Andee's Car Victory, On second visitation no water was collected"
Middle Spring,,10/24/2014,1,35.32455,-110.15046,9,7,7,,,,Indian Wells,Water hauling station
Spring Wash,,10/24/2014,1,35.40343,-110.02191,4,,,,,,Indian Wells,No sample collected
Handpump near Helan Yazzie,,10/24/2014,1,35.3816,-110.17493,9,7,7,,,,Indian Wells,
2K-322,,"17 Mar 14, 12 Aug 14, 16 Mar 15",3,36.7668666666667,-110.678436666667,10.5,"6.20, 6.00",6.1,0.14,,,Inscription House,From trough
Jeddito Hand Pump,,"19 Mar 14, 14 Aug 14",2,35.78137,-110.133145,9,"6.00, 6.00",6,0,,,Jeddito,Publically endorsed at the chapter house. Many wasps
517-2,,"19 Mar 14, 14 Aug 14",2,35.7966,-110.130365,9,6.2,6.2,,,,Jeddito,Collected from trough. Dry on second visitation
"Boom, Boom, Boom",,"19 Mar 14, 14 Aug 14",2,35.77277,-110.09965,9,"6.50, 7.00",6.75,0.353553390593274,,,Jeddito,"Past the log house. Off of the main road to the north, east from Jeddato Chapter house (but on opposite hill). Look for Blue tire post on main road"
REZ,,03/18/2014,1,35.73607,-109.93453,,5.2,5.2,,,,Jeddito,"Broken, does not appear to be in regular use. Water collected from the bottom of the basin"
Hi,7H-1,"3 Apr 14, 27 Jun 17",1,35.76112,-109.937465,9,7.91,7.91,,,3.431,Jeddito,Brought in samples from Marsha from Northern Steamboat
17T-589,,04/03/2014,1,35.77573,-109.88857,9,,,,,,Jeddito,Brought in samples from Marsha from Northern Steamboat
1T-527,,"17 Mar 14, 12 Aug 14",2,36.615815,-111.03237,10,,,,,,Kaibeto,Pump disconnected. No water
8K-401,,03/18/2014,1,36.72723,-110.38106,9,5.9,5.9,,,,Kayenta,Collected from trough
Water Spring,,03/18/2014,1,36.77191,-110.36246,9,6.2,6.2,,,,Kayenta,Collected from pipe that was drilled into the sandstone
8T-540,,"18 Mar 14, 13 Aug 14",2,36.706795,-110.28965,9,5.9,5.9,,,,Kayenta,Collected from trough
8K-441,"Untouched Cows, Cow Tanks","18 Mar 14, 27 Jun 17",2,36.7855,-110.07796,9,"6.20, 8.26",7.23,1.45663996924429,,406.8,Kayenta,"Lots of horses wating for water, water from trough, windy, sandy"
Little Pond,,03/18/2014,1,36.64378,-110.4794,,6.5,6.5,,,,Kayenta,"Small pond near ""Main Spring"" water source, in Tsegi Canyon"
Little Pond 2,,03/18/2014,1,36.64064,-110.47151,,6.5,6.5,,,,Kayenta,"Small pond near ""Main Spring"" water source, in Tsegi Canyon"
Ground Water,Grey Rock,03/18/2014,1,36.6402,-110.46989,,6.2,6.2,,,,Kayenta,
8T-510,,03/18/2014,1,36.62396,-110.46309,,6.2,6.2,,,,Kayenta,
8A-138,,06/27/2017,1,36.69307,-110.15195,,,,,,,Kayenta,Dry
Water Is Life,,"18 Mar 14, 13 Aug 14",2,36.676085,-110.4007,,6.4,6.4,,,,Kayenta,"East of Anasazi Inn, Covered, Clean"
1T-509,,"17 Mar 14, 12 Aug 14",2,36.884815,-111.360285,9,"6.80, 6.00",6.4,0.565685424949238,,,Lechee,From trough. Near the tour shack (have to pass the tour shack) and past the Navajo Generating Station/Near the Powerplant
1K-220,,"17 Mar 14, 12 Aug 14",2,36.615225,-111.183665,9.5,"6.30, 6.00",6.15,0.212132034355964,,,Lechee,From windmill spigot. LO. Behind a locked cattleguard
M-PHS-10,,"12 Aug 14, 19 Jul 16",2,36.850355,-111.331275,9,6,6,,,,Lechee,"North of Page on the west side of the road going towards Shonto. Visible from the road, about 1/4 mile from the road behind a gate. Next to a tree and a wash. Open to the environment, water likely just stagnant rain catch. On second visitation, the well was dry"
1T-526,,08/12/2014,1,36.58181,-111.19673,9,,,,,,Lechee,"Across the road from 1K-220, approximately 1.0 mile from the main road."
Box Springs,,01/19/2013,1,35.50311,-111.23969,,,,,,,Leupp,
5T-529,Windmill #1,"19 Jan 13, 14 Oct 17",2,35.431625,-111.111955,9,6,6,,,,Leupp,"Collected from cow trough on first visitation. On second visitation both the tank and trough had the same pH. On second visitation, there appears to some additions from UA and the Renewable Energy Network and AZ engineering Solar Desalination Pilot Project. Samples collected from trough (post-production?) labeled ""5T-529"" from tank (Pre-Preduction?_ as pumping - labeled as ""5T-529B"" sensor w/in tank that turns on/off pump depending on water level"
Dipping/Dry Well,,01/19/2013,1,35.55564,-111.18777,,,,,,,Leupp,Collected from covered well. Local (Benson Willie) informed us that the well had been selected for radiation and uranium testing
5T-537,,"19 Jan 13, 14 Oct 17",2,35.55462,-111.1558,9,,,,,,Leupp,Frozen on first visitation. On second visit the water is not frozen. Visible from right up the road from Box Springs. Collected from overflow spilling out.
Leupp Farm,,10/14/2017,1,35.32898,-111.00768,9,7.5,7.5,,,,Leupp,"Behind the Leupp Farm. Collected from open top tank with debris floating. Greenish color. Could hear water pumping, but could not get tanks working. Saw someone driving in as we were leaving going to haul water."
5T-518,,10/14/2017,1,35.30301,-110.99446,9,6.75,6.75,,,,Leupp,"Just east of Leupp, visible from road collected from vehicle access"
5T-526,,10/14/2017,1,35.24194,-110.95958,9,7.75,7.75,,,,Leupp,Visible on east side of road going from Leupp to Winslow. Collected from fulltank w/ windmill pumpinh
5K-506,,10/14/2017,1,35.24472,-110.97182,10,7,7,,,,Leupp,"Visible on west side of road going to Winslow from Leupp. Directly west of ""5T-526"" collected from clean overflow"
5M-108,,10/14/2017,1,35.30123,-111.10149,9,7,7,,,,Leupp,Right off road to Flagstaff from Leupp. Across from El Paso gas. Collected from trough windmill working.
5K-315,,10/14/2017,1,35.2935,-111.15396,10,7,7,,,,Leupp,"Collected from trough. Not visible from main road, but right off behind a hill. Right off dirt road. Turn at church sign"
Round Church Solar,Round Cedar Church,10/14/2017,1,35.3125,-111.21884,,7,7,,,,Leupp,"Across sign from ""Church of the Round Rock."" Solar powered pump. Collected from top of the tank"
Phelps Well,,10/14/2017,1,35.35483,-111.22536,9,7,7,,,,Leupp,Solar powered pump. Collected from trough. Lots of cows around.
Chuska Mountain Spring,,10/07/2017,1,36.4526,-109.16956,25,7,7,,,,Lukachukai,Natural spring with waterfall outlet on the side of BIA13. Path can take you up the hill to chase source into the rocks. Well worn tire and footprints suggests regular use. Cleaned up copious amounts of refuse in area
Lukachukai Rodeo,,10/07/2017,1,36.41175,-109.2442,11,7.5,7.5,,,,Lukachukai,"Collected from vehicle hauler on rodeo grounds. Windmill with two tanks on hill above. Possible source, but waterlines visible in other parts of the community. Stamp suggests that the vehicle hauler was put in July 1976. Windmill still pumps and tank (connected) has water in it. Possibly connected to NTUA line?"
10T-253B,,06/27/2017,1,36.38358,-109.66203,9,,,,,,Many Farms,On hill east of Dinnehotso. Look for Billboard on North side of roading advertising a ranch. May 0.5 miles east on north side after climbing up hill. Follow main dirt road. Water collected from trough with a pretty full tank.
11K-252,,10/07/2017,1,36.355,-109.32858,9,7.5,7.5,,,,Many Farms,Backroads just south o f Lukachukai. Turn right at bottom of hill if going towards Tselie or at Power Pylons. Obvious side of road 2 miles down dirtroad. Marked for LO. Completely full collected from trough
11T-235,,10/07/2017,1,36.40509,-109.3853,9,,,,,,Many Farms,Dry. Continue on backroad from 11K-252 West of Lukachukai. Dismantled and dry. Windmill motor and props completely gone
11K-249,,10/08/2017,1,36.44881,-109.35979,9,,,,,,Many Farms,"Dry. Visible from road, between Lukachukai and Round Rock. Small motor, pump disconnected and trough gone."
10T-565,,10/13/2017,1,36.37257,-109.40118,9,8,8,,,,Many Farms,"Behind two gates. Tank full and windmill operational, but tied up. Possible private well - owned by ""The Claws"""
10T-520,,10/13/2017,1,36.3503,-109.42817,9,6.5,6.5,,,,Many Farms,"Go through fences, but on main road. Trough downhill approximately 0.25mi from windmill and tank. Met land owner named Agnes Tso, mother is Connie Tso and is the actual land holder."
10K-213,,10/13/2017,1,36.35016,-109.48013,9,8,8,,,,Many Farms,Right off of a main dirt road. Collected from trough. Windmill active and pumping into stone tank
9T-555,,03/17/2015,1,36.94716,-109.39963,,7.5,7.5,,,,Mexican Water,"Collected from trough. Livestock present, horses"
9Y-10,,03/17/2015,1,36.9725,-109.43222,,8,8,,,,Mexican Water,
9K-212,Navajo Church,03/17/2015,1,36.99583,-109.36722,,7,7,,,,Mexican Water,
435-2J,,03/17/2015,1,37.16417,-109.66194,,7.5,7.5,,,,Mexican Water,
9T-568,,03/17/2015,1,37.08111,-109.54583,,,,,,,Mexican Water,Neglected to get a pH reading of the water initially
Mexican Water,,03/17/2015,1,36.98944,-109.61028,,6,6,,,,Mexican Water,
9T-603,,03/17/2015,1,36.94583,-109.55194,,5,5,,,,Mexican Water,
2A-93,,"17 Mar 14, 12 Aug 14, 16 Mar 15",3,36.9440733333333,-110.791373333333,11.5,"6.50, 7.00, 7.00",6.83333333333333,0.288675134594813,2,,Navajo Mountain,"From trough. Locals still use this water source, frequently. Second collection not from trough, but from raised basin"
Salt Trail Road Pump,Place They Haul Water (Translate),"17 Mar 14, 12 Aug 14, 16 Mar 15, 26 Jun 17",4,36.9590925,-110.8114,9.5,"6.20, 7.00, 6.00, 7.95",6.7875,0.887294577165141,,635.1,Navajo Mountain,"From trough, constantly runs. Collected from stone collection structure"
2A-PHS-8,Haystack,"17 Mar 14, 12 Aug 14, 16 Mar 15, 19 Jul 16, 26 Jun 17",5,36.980524,-110.881274,10.75,"5.90, 6.00, 6.00, 7.00, 7.87",6.554,0.862020881417614,,344.2,Navajo Mountain,"Collected from vehicle hauler. Locales have repaired this well numerous times because NTUA keeps disconnecting it. These same locales report that the water is ""crystal clear and cool"", but really bad for the crops"
Two Tanks,,"17 Mar 14, 12 Aug 14, 16 Mar 15",3,36.97917,-110.832696666667,9,"6.30, 7.00, 6.00",6.43333333333333,0.513160143944689,,,Navajo Mountain,"Tucked behind, not visible from the road. Tanks spilling out water. Look for burn pile on main road in order to turn up to the water source"
Navajo Mountain Spring,,"18 Mar 14, 13 Aug 14",2,37.145985,-110.70037,15,"6.20, 7.00",6.6,0.565685424949238,,,Navajo Mountain,"Collected from natural waterfall, but source is tucked into the rocks"
2T-525,,"18 Mar 14, 13 Aug 14",2,37.118745,-110.618215,10.5,6,6,,,,Navajo Mountain,Collected from trough. Horses at the trough. Second collection the water source was dry
2T-525 (Filtered),,"18 Mar 14, 13 Aug 14",2,37.118745,-110.618215,10.5,6,6,,,,Navajo Mountain,"Not regulated by NTUA or Navajo EPA, but local chapter requested that a filtered pump be added that was separate from trough. Second collection the water source was dry/shut off"
Big Spring,Pine Spring,04/03/2014,1,35.461268,-109.14528,,,,,,,Oak Springs,Brought in from Andee from the Windowrock Area. All samples collected directly from a sandstone spring source
8K-402,,"18 Mar 14, 13 Aug 14, 26 Jun 17",3,36.9544266666667,-110.208266666667,9,"5.90, 7.00, 9.23",7.37666666666667,1.69665356903916,,630.9,Oljato,Collected from trough. LO. Second collection from the windmill spigot
8AI-3,,08/13/2014,1,37.04236,-110.23061,9,6,6,,,,Oljato,"Pasting ""Goulding's"". Sampled by the Army Corps of Engineering, near abandoned Uranium mine"
Trainrock Well,,08/13/2014,1,37.08229,-110.28693,9,7,7,,,,Oljato,"Trough not working, sampled from large basin with open hatch"
Holiday Mesa Spring,,08/13/2014,1,37.05113,-110.34734,9,6,6,,,,Oljato,Piping tapped directly sandstone with it being directly feed into the trough. Piping runs through some type of filtration system
Holiday Mesa Spring 2,,08/13/2014,1,37.05302,-110.34299,9,6,6,,,,Oljato,Possibly connected to same underground water source. Piping and tubing at this site allows run to freely drain constantly. Flow very slow with visible algae collecting in basin below and on tubing
8K-422,,08/13/2014,1,37.04385,-110.35516,9,7,7,,,,Oljato,Collected from trough. On the side of the mesa where heavy uranium mining occurred in the past
Wagon Trail Spring,,03/18/2015,1,37.13289,-110.10136,,6.5,6.5,,,,Oljato,Collected from a hand pump. Water source is located on the edge of a mesa that over looks Monument Valley
Hole in the Ground 1,,03/18/2015,1,37.02814,-110.10136,,6,6,,,,Oljato,"Film on the surface of the water, indication for stagnation"
Moonlight Water,,03/18/2015,1,37.02397,-110.30355,,7.5,7.5,,,,Oljato,Collected from a pond near the water source that was pointed out by Tommy Rock
Hole in the Ground 2,,03/18/2015,1,37.02814,-110.31216,,,,,,,Oljato,"Completely dry, only sand within the basin"
Cottonwood Spring - Monument Valley,,03/18/2015,1,37.02261,-110.30933,,7,7,,,,Oljato,Collected from a handpump
8AI-1,,03/18/2015,1,37.02133,-110.3268,,6.5,6.5,,,,Oljato,Collected directly from the well
I'm Fat Hill Well,,03/18/2015,1,37.00529,-110.3268,,7,7,,,,Oljato,Collected directly from the well
Goulding Well,,03/18/2015,1,37.00499,-110.21784,,6,6,,,,Oljato,Collected from a hose that runs near a handpump near the post office of Goulding
Oljato Wash Hand Pump,,06/27/2017,1,36.9261,-110.33531,9,8.53,8.53,,,1.324,Oljato,"NEW Hand pump, area seems isolated, but there are tire tracks, drive down wash"
308-1,,"19 Mar 14, 14 Aug 14",2,36.215355,-110.236695,9,6.2,6.2,,,,Pi¤on,Collected from basin due to trough being frozen. LO. Dry on second visitation to the site
401-1/2,,03/19/2014,1,36.14965,-110.19606,9,,,,,,Pi¤on,"Well has been disconnected, likely by locales. LO"
North of Pinon High,,"19 Mar 14, 14 Aug 14",2,36.11805,-110.21395,9,,,,,,Pi¤on,"Dry despite the windmill working and the pump still operational. On second visitation there was some cracked mud at the bottom of the basin, possible suggestion of water?"
East of Pinon High,,"20 Mar 14, 14 Aug 14",2,36.11099,-110.216575,9,,,,,,Pi¤on,Dry despite the windmill working and the pump still operational. Sand and debris in the bottom of the basin with an open hatch
West of Pinon High,,"21 Mar 14, 14 Aug 14",2,36.11095,-110.21675,9,,,,,,Pi¤on,Dry despite the windmill working and the pump still operational. Fine sand at the bottom of the basin
Holey Tank,"East of Pinon, Navajo Rt 4","22 Mar 14, 14 Aug 14",2,36.063745,-110.12846,9,,,,,,Pi¤on,"Dry, not pumping. Holes drilled into the bottom of the tank"
405-3,405-1,08/14/2014,1,36.06264,-110.12843,9,,,,,,Pi¤on,Dry and hatch is weled shut.
9K-219,,03/17/2015,1,37.05111,-109.37944,,7,7,,,,Red Mesa,
9T-574,,03/17/2015,1,37.11,-109.4325,,6,6,,,,Red Mesa,
9T-559,,03/17/2015,1,37.19472,-109.33,,8,8,,,,Red Mesa,
12T-323,,10/05/2017,1,36.60652,-109.01951,9,7,7,,,,Red Valley,"Just east of Red Valley Chapter House. Visible from road, right at NM/AZ Border"
Thumbprint Well,,10/05/2017,1,36.60228,-109.0361,10,,,,,,Red Valley,Marked in Atlas as #22. Handpump located in wash at bottom of hill. Old USPHS Well. Dry
N63 Well,,10/06/2017,1,36.68114,-109.05212,,,,,,,Red Valley,"Handpump handle removed and road to pump has been covered and gated chained. Resembles PHS pumps, but no visible stamp. Hard to visualize from road."
12T-329,,10/06/2017,1,36.66375,-109.00415,9,7,7,,,,Red Valley,"On maintained dirtroad. New cistern net to old cistern. Trough has new yellow valve. Access is across road going towards Cove. Obvious dirtroad. New Cistern full,. Can actively hear water at source from ground. Old cistern empty."
9T-580,,03/17/2015,1,36.76709,-109.37792,,6,6,,203.4,,Rock Point,Collected from trough
Main Spring,,03/18/2014,1,36.41485,-109.72794,,6.2,6.2,,,,Rough Rock,"Collected directly from the sandstone, in Tsegi Canyon"
10T-235,,"18 Mar 15, 27 Jun 17",1,36.414935,-109.72835,9,"5.50, 8.21",6.855,1.91625937701554,,600.1,Rough Rock,On road from Many Farms to Kayenta. Near Rough Rock Turnoff. Visible from road. Many cows near tank. Low water level in tank despite windmill going. Climbed on top of the tank to get sample. While sampling location a number of people with water tanks drove by. Perhaps they are hauling water from elsewhere?
10T-562,,"18 Mar 15, 27 Jun 17",1,36.45216,-109.832075,12,"5.50, 7.67",1.53442171517481,1.53442171517481,,7.878,Rough Rock,"On road from Many Farms to Kayenta. North side of the road, many cows nearby when sampling. Gas pump nearby, but windmill still operational . Collected from white tank marked for LO. Had to shimmy over water pipe to sample. Trough plugged"
Stone Tank,,10/08/2017,1,36.46182,-109.40678,10,7.5,7.5,,,,Round Rock,"Visible from road between Lukachukai and Round rock. Most of secondary structures gone, but pump and windmill still working. Cistern made of stone."
11T-522,,10/08/2017,1,36.45917,-109.53279,9,,,,,,Round Rock,"Dry. Visible from road between Round Rock and Manyfarms. Follow Power Poles to get to site. Despite Windmill pumping site dry. Open tank, wet mud within cistern --> Not dried?water recently?"
2T-504,,"18 Mar 14, 13 Aug 14, 19 Jul 16",3,36.8245666666667,-110.614666666667,9,"5.70, 6.00, 7.00",6.23333333333333,0.680685928555405,,,Shonto,"Collected from trough. On third visitation accompanied by locals from the area, they stated that they are not sure if anyone still uses this particular water source. They did not state why they had that opinion"
3K-320,3R-320,03/18/2014,1,36.57079,-110.6096,10,5.9,5.9,,,,Shonto,"Collected from trough. Tucked behind hill, not visible from the road"
2K-300,2R-300,03/18/2014,1,36.55259,-110.70219,9,6,6,,,,Shonto,Collected from trough
103-3,,03/18/2014,1,36.48094,-110.70881,9,6.1,6.1,,,,Shonto,Collected from trough
103-1,,03/18/2014,1,36.44498,-110.75014,9,,,,,,Shonto,No water despite the windmill pumping and working
104-5,,03/18/2014,1,36.49101,-110.65354,9,6.3,6.3,,,,Shonto,Collected from trough
2K-301,,03/18/2014,1,36.53675,-110.57224,9,,,,,,Shonto,"Completely dry, vehicle hauler connected to tank"
2T-502,,"18 Mar 14, 13 Aug 14",2,36.57332,-110.51594,9,"5.90, 6.00",5.95,0.0707106781186545,,,Shonto,"Collected from trough, at the top of a hill"
2K-320,,08/13/2014,1,36.57086,-110.60957,10,6,6,,,,Shonto,"From trough. Above Shonto, drive along dirt road until you see a ""stop sign"" and then turn at the sign"
Paiute Spring,,07/19/2016,1,36.82455,-110.61459,,7,7,,,,Shonto,"Water is clear, families and locals state that they regularly use this water. It is a natural spring right up against the mountains just north of Shonto. It is south of Windmill ""2T-504"""
A Little Bit of Water,,07/19/2016,1,36.86271,-110.60874,,7,7,,,,Shonto,"The coordinates to drive into are at (36.86271, -110.60874). Follow the road until you come to a wash bed. Follow the wash until you come up to a cliff wall. If the water is plentiful then there should be a waterfall coming down the rocks. If the water is not plentiful, you need to climb the rock face to the water source. The water is coming from a groundwater source the seeps up from the ground"
Zombie 1,,03/18/2014,1,35.7463,-109.8778,,,,,,,Steamboat,Water source open to the elements
17M-207,,03/18/2014,1,35.67355,-109.8905,,,,,,,Steamboat,"Resident, Earl Edison, states that the site is known to be high in lead"
17T-519,,03/18/2014,1,35.66584,-109.94553,,6.2,6.2,,,,Steamboat,LO
17T-545,,"18 Mar 14, 18 Jul 16, 27 Jun 17",3,35.7385266666667,-109.75958,9,"6.50, 9.00, 9.52",8.34,1.61455876325391,,1575,Steamboat,"LO, not covered/exposed to the elements. Local says that this well is known to exceed some drinking water limits set by both the USEPA and NNEPA. On second visitation the water level was extremely low and there was a lot of horses near the trough. Looking at the windmill pump it appears that the windmill has been disconnected and likely the water within the basin is just rain catch. On third visitation: Noted a warning sign posted on the tank telling about quality of the water. Windmill has been chained in place to prevent pumping. Motor closed. Open to the environment, w/ stuff floating in it. Quite certain water in there is rain catch"
Zombie 2,,03/18/2014,1,35.74995,-109.81761,,6.8,6.8,,,,Steamboat,"Windmill not operating, collected from basin. Unchained area and uncovered"
17M-78,Base of Balokai Mountain,"3 Apr 14, 12 Aug 14",1,35.843005,-109.8018,12,,,,,,Steamboat,Brought in samples from Marsha from Northern Steamboat
Zombie 3,"M/M, Cobra","3 Apr 14, 12 Aug 14",2,35.792645,-109.824105,9,,,,,,Steamboat,Brought in samples from Marsha from Northern Steamboat
Zombie 4,520,"3 Apr 14, 12 Aug 14",2,35.824605,-109.72477,9,,,,,,Steamboat,Brought in samples from Marsha from Northern Steamboat
9T-550,,03/17/2015,1,36.87453,-109.38977,9,,,,,,Sweetwater,Dry. Posted warning stating that the water is not safe for consumption
9K-216,Winnie The Pooh,03/17/2015,1,36.84391,-109.36777,,7,7,,2.08,,Sweetwater,"Collected from trough. Livestock present, horses"
Manual Mission North,,03/17/2015,1,36.80246,-109.40877,,,,,,,Sweetwater,"All water features (trough, basin, pumps) dry. The ground was moist and saturated with water however. Soil sample collected"
Yellow Metal,9-45,03/17/2015,1,36.79372,-109.39118,,6.15,6.15,,219.8,,Sweetwater,Stamp on the well feature notes that it was constructed 12 June 1914. Water was collected from a nearby pond that collected run off. 
Home Well,Home Well,03/17/2015,1,36.85805,-109.45024,,9.08,9.08,,166.9,,Sweetwater,Collected from a windmill on the property of an elderly woman living near Snake Canyon
Happy S,,03/17/2015,1,36.94767,-109.32213,,7.18,7.18,,218.6,,Sweetwater,"Collected from trough. Livestock present, horses"
9T-586,,03/17/2015,1,36.86407,-109.31014,,5.52,5.52,,232.4,,Sweetwater,Collected from trough
4T-592,,10/08/2017,1,36.06058,-109.95871,9,7,7,,,,Tachee,"Visible from road just up from Cottonwood Chapter going towards Pinon. Very full,. Water leaking from bottom of tank from a small hole."
10T-518,,10/08/2017,1,36.09414,-109.96165,9,,,,,,Tachee,"Dry. On slope against hill, above residence. Visible from road going to Blue Gap plainly mark for LO. Windmill working and pumping but no water."
Blue Stone Well,,10/08/2017,1,36.14011,-109.97828,9,8,8,,,,Tachee,"Visible from road, turn-off into maintained gravel road. Cistern painted Periwinkle. Locals drove up and said it is ""Good water."""
4T-386,,10/08/2017,1,36.22978,-109.89234,9,7,7,,,,Tachee,"Visible/right next to road. Two tanks only larger and newer beige tank hooked up. Despite windmill working, very little water in cistern (Dry season). Have to climb to the top of the tank and lower rope to get sample."
Blue Gap,,10/08/2017,1,36.17143,-109.94626,9,7.5,7.5,,,,Tachee,"Collected from trough and tank right next to Blue Gap Chapter House. No visible windmill, but stone structure next to tank?possible pump? Labeled as unregulated."
Two Times Well,,10/08/2017,1,36.11048,-110.01521,9,7.5,7.5,,,,Tachee,"Name so because everything happened twice with the two: two troughs, two croded holes, twice hooked up to a windmill. Visible at a distance from road to Blue Gap. Go down maintained dirt-pathh to N/S maintained gravel road."
White Clay Spring,,10/13/2017,1,36.21707,-109.88193,13,7.5,7.5,,,,Tachee,"Road very rocky, have to hike to spot. Not visible from road and hidden behind large boulder. Follow cords until you see path go up toward slope/hill. To your right should be small valley. Climb down and look for water and water access on opposite wall."
Mine Claim 28,,10/13/2017,1,36.24472,-109.89097,15,6,6,,,,Tachee,Collected from steep run off next to abandoned mine. Had to dig shallow depr4ession to allow water to pool before collection
Waterfall Spring,,10/13/2017,1,36.29465,-109.8315,,7.5,7.5,,,,Tachee,"Park at (36.293351, -109.831032). The spring is aon opposite canyon wall. You have to climb down the canyon to the spring. Appears spring seeps up from the ground and pours over the rocks. There was a dead cow at the site"
9T-527,,03/17/2015,1,36.92348,-109.18102,,6.5,6.5,,,,Teec Nos Pos,Collected from spigot on the well basin
9Y-100,,03/17/2015,1,36.97443,-109.24612,,8.31,8.31,,246,,Teec Nos Pos,Collected from a spigot that was near the well
9T-571,,10/05/2017,1,36.90889,-109.07209,9,,,,,,Teec Nos Pos,"Not Sampled/Dry. Appears use to be a cistern with a trough, now replaced with a municipal tank"
12T-517,,10/05/2017,1,36.90072,-108.98124,9,8.5,8.5,,,,Teec Nos Pos,"Follw road from Highway 61/64 for about 1-2 miles. Right next to dirt road. Near Tec Nex Pos. Markings on trough suggest new trough put in 18 Jul 13. Collected from trough, allowed to run. Go down road 9040"
9T-591,,10/05/2017,1,36.89295,-109.00701,9,8,8,,,,Teec Nos Pos,"Collected from trough. Hard to visualize from road. Behind old abandoned house, but newer house/property further back. Fresh truck tradcks suggest regular use. No significant markings. Above Tec Nes Pos. Cistern quite full. Not too far before 12T-517 ---> Down road 9035"
12K-335,,10/05/2017,1,36.88016,-109.03667,9,8,8,,,,Teec Nos Pos,On top of mesa going towards Shiprock before turnoof for 12T-517 or 9T-591. Turn at Little Dipper Flag. Windmill near houses. Collected from trough. Water intially brown before becoming clear. Passed marked water line. Perhaps serves the house?
Teec Nos Pos Trading Post,,12/28/2017,1,36.919399,-109.084365,,,,,,,Teec Nos Pos,"Collected by Drs. Browder and Koppisch when they traveled to relatives over the winter holidays in 2017. Was collected and stored in an HDPE Centrifuge tube until delivered to the laboratory. Once in the laboratory it was placed on the shaker table for six hours to resuspend solids, then filtered, acidified, and stored. Based on the location, it is likely a regulated/PWS source."
Cedar Spring,"Little Spring, Middle Spring, 7R-353","9 Jan 14, 24 Oct 14, 26 Jun 17",4,35.45124,-110.3643225,11,"6.30, 7.00, 8.77",7.35666666666667,1.27304097865439,,484.6,Teesto,"Stagnant water, w/in brick structure. On second visitation, samples were pulled both from the vehicle hauler and the brick building. On fourth visitation, the sample was collected from the vehicle hauler"
7H-539,7T-539,"9 Jan 14, 24 Oct 14",2,35.45451,-110.36828,11.5,6.5,6.5,,,,Teesto,Collected from trough. On second vistation the windmill was no longer operational and no sample was collected
7T-542,,"9 Jan 14, 24 Oct 14",2,35.468075,-110.37825,12,7,7,,,,Teesto,Frozen. On second visitation the water source was not frozen and a sample was collected
Cottonwood Spring,,"9 Jan 14, 4 Oct 14, 24 Oct 14",3,35.4721766666667,-110.372703333333,12,6.5,6.5,,,,Teesto,Tucked up against a hill. Collected from vehicle hauler. On second visitation the well was dry and no water available.
506-3,,01/09/2014,1,35.51033,-110.36504,17,,,,,,Teesto,Frozen
Teesto Chapterhouse,,01/09/2014,1,35.49574,-110.40431,13,6.5,6.5,,,,Teesto,Source of water for Chapterhouse
Seba Delkai School,,01/09/2014,1,35.4966,-110.44502,13,6.7,6.7,,,,Teesto,"Water pump outside of school, side of road"
Road from Teesto-Whitecone,,10/24/2014,1,35.5268,-110.38126,9,7,7,,,,Teesto,
Darth Vader,,03/16/2015,1,36.27349,-111.01481,,6,6,,,,Tonalea,Collected from trough
106-2,,03/16/2015,1,36.32453,-110.98678,,5.5,5.5,,,,Tonalea,Collected from trough
N21-ASO,,03/16/2015,1,36.35877,-111.00516,,6,6,,,,Tonalea,Collected from trough
Mafia Family,,03/16/2015,1,36.44528,-110.85694,,5.5,5.5,,,,Tonalea,On the backroads towards Inscription House coming from Tuba City
102-1,,03/16/2015,1,36.48694,-110.83167,,5,5,,,,Tonalea,
11T-526,,10/07/2017,1,36.22831,-109.24344,11,7,7,,,,Tsaile-Wheatfields,"Behind utility gate, had to walk across field to access. Trough pump not operational. Windmill stillintact and cistern full. Water bright green and viscous. Felt very slimy and very hard to filter. LO"
11T-507,,10/07/2017,1,36.18026,-109.13434,9,7.5,7.5,,,,Tsaile-Wheatfields,South of Wheatfields Lake. Take dirtroad at bend before going towards stateline/countyline. Middle of large prarie. LO. Open air cistern w/ two drains for overflow. Cistern full and at angle. Water green. 
AZ0256 Spring,,10/08/2017,1,36.28572,-109.12542,13,7,7,,,,Tsaile-Wheatfields,"Sample collected from free flowing pipe. Locales labeled this site as a spring although there is a tank present. Climbing the tank and looking in revealed it full, perhaps overflow? No shut-off valve present. Locales the day before seen gathering water - regular use. In forests behind wheatfields, off of maintained gravel road. Look for turnoff w/ lots of sand/wide and obvious turnoff."
11Y-69,,10/13/2017,1,36.28871,-109.34316,9,7.5,7.5,,,,Tsaile-Wheatfields,On road from Chinle to Tsalie. Visible from road. Collected from trough
Closed?,,03/18/2015,1,35.97299,-109.61388,,,,,,,Tselani,Closed
10T-524,,10/08/2017,1,36.06557,-109.76988,9,,,,,,Tselani,Dry. Visible from road between Chinle and Pinon. Small motor/ large prop windmill. Still pumping no water. Closed top tank that is completely dry inside.
10R-518,,10/08/2017,1,36.07525,-109.88371,9,,,,,,Tselani,"Dry. Visible from road at cottonwood chapter. Posted and faded EPA warning. ""This water is not safe to drink"". Windmill props and pump still functional, no water. Opened top tank that is dry"
BMGA,,10/08/2017,1,36.07494,-109.88853,9,7,7,,,,Tselani,"LO. Right across the road from the chapter house at cottonwood. Locals seen filling up and hauling water here, say they do so quite frequently. Note that sometimes the water that comes out of it the animals will not drink. They are not sure why this is the case, they have never tried the water itself. They say that they will only drink the clean water from the chapter house. Visible from the road, just up from 10R-518. One of the locals was the Chapter President at Blue Gap, knows Tommy Rock...of course "
Tuuvi Vistor Center,,01/08/2014,1,36.11855,-111.22917,14,6.8,6.8,,,,Tuba City,Collected from Employee's Restroom
Navajo Route 6222,,01/08/2014,1,36.12748,-111.25611,13,6.5,6.5,,,,Tuba City,Public Well
Tuba City Boarding School Pond,,01/08/2014,1,36.13963,-111.24407,13,6.5,6.5,,,,Tuba City,Tommy says that he knows this to be a shallow well source. Collected from flowing pipe
3A-PHS-12,Rabbit Brush Well,01/08/2014,1,36.18576,-111.21802,14,6.5,6.5,,,,Tuba City,"Standing Water, slightly turbid"
Pasteur Canyon,,01/08/2014,1,36.14631,-111.20991,13,6.8,6.8,,,,Tuba City,Collected from flowing water source
3T-518,,"8 Jan 14, 16 Mar 15",2,36.241635,-111.030385,13,"6.30, 6.00",6.15,0.212132034355964,,,Tuba City,"Collected from water trough. Nearby livestock, cows. On second visitation, the water was collected directly from the well, water appeared stagnant, and cows were present"
3A-88,Tommy's Well,"8 Jan 14, 16 Mar 15",2,36.1845,-111.103525,14,"7.00, 6.00",6.5,0.707106781186548,,,Tuba City,"Turbid (required two filters). One mile north of US 160, off road to the north from the road. Well identified as having alpha emitters"
3T-545,,01/10/2014,1,36.18995,-111.2907,13,6.2,6.2,,,,Tuba City,
3T-506,,03/16/2015,1,36.24172,-111.03036,,6,6,,,,Tuba City,Collected from pipe. Livestock (cows) present
Goat Head,,07/19/2016,1,36.12991,-111.264,,,,,,,Tuba City,No water collected from pipe. Up a hill off of the main road. The whole area is developed with electricity and running water. The area surrounding the pump is full of liter
Hoogan Spigot,,07/19/2016,1,36.13815,-111.33595,9,7,7,,,,Tuba City,"Go down the road towards ""Dinosaur Tracks."" Continue until the T-Intersection at the base of Mesa and turn left. The spigot is in front of the Hoogan at the Y-Fork. Water appears clean and clear and the spigot head is of new brass"
3A-144,Shonto Well,06/26/2017,1,36.134622,-111.112104,,,,,,,Tuba City,"Attempted to find, area had water but no public water source. Here is a pump but it looks like it has not been used in some time. Two fenced yards nearby (likely similar water source)"
Whippoorwill Springs Windmill,,03/19/2014,1,36.0307,-110.08176,10,,,,,,Whippoorwill Springs,"No water available. Looks abandoned, but there is a vehicle hauler"
406-21,408-21,03/19/2014,2,36.007695,-110.061405,9,,,,,,Whippoorwill Springs,Dry despite the windmill working and the pump still operational. On second visitation the windmill pump has been cut and disconnected
408-13,,10/08/2017,1,36.05083,-110.03743,9,,,,,,Whippoorwill Springs,"Collected from trough. Visible from BIA 4. In middle of Valley w/ many homesteads w/in Valley. Two tanks, now pumping into never beige tank. LO"
Dord Tank,OFM Windmill,"9 Jan 14, 24 Oct 14",2,35.59719,-110.096765,11,"6.80, 7.00",6.9,0.14,,,White Cone,Marked Livestock Only (LO)
Gopher Spring,Grandma Annie's (Andee),10/24/2014,1,35.48379,-110.1636,,5,5,,,,White Cone,Water is used for LO and personal human consumption. Water collected from pipe coming directly out of the ground. Has been used for two generations.
7H-63,Whitecone Spring,06/27/2017,1,35.59332,-110.03728,12,8.29,8.29,,,492.1,White Cone,"On road from Many Farms to Kayenta, west north west side of the road. Across from NHA Housing and regulated water. Number of small homesteads on this grasslands plains"
511-2,,06/27/2017,1,35.59067,-110.0271,9,,,,,,White Cone,"One possible route is to come in from road directly south of the well (~3miles). Will drive by a lone Red House on the Priaire. Well/Windmill tucked far in the hills, not visible from the road. Water collected directly from the feeder pipe (windmill to the tank). Climbed on top and there is a corroded hole you can collect the water from."
Vampire Cat Bear,,06/27/2017,1,35.61271,-110.02543,9,9.01,9.01,,,4.397,White Cone,"Spring water source pools into underground well. Behind someone's residence. Labeled on Atlas as ""Whitecone Spring"" Crank for handpump was removed"
17T-540,,06/27/2017,1,35.53105,-109.96156,9,9.19,9.19,,,1985,White Cone,"Tucked behind many hills. Local was getting/hauling water from trough. Handpump against the hill non-functional. ""Department of Water Resources"" on the side of the trough. Local said he has been drinking the water for ""a long time?it is good water."""
